<?xml version="1.0"?>
<lectures>
  <lecture number="0">
    <title>HTTP</title>
    <dates>Mon 6/25</dates>
    <resources>
      <resource name="Slides">
        <format path="http://cdn.cs75.net/2012/summer/lectures/0/lecture0.pdf" label="PDF" />
      </resource>
      <resource name="Syllabus">
        <format path="http://cdn.cs75.net/2012/summer/lectures/0/syllabus.pdf" label="PDF" />
      </resource>
    </resources>
  </lecture>
  <lecture number="1">
    <title>PHP</title>
    <dates>Wed 6/27</dates>
    <resources>
      <resource name="Slides">
        <format path="http://cdn.cs75.net/2012/summer/lectures/1/lecture1.pdf" label="PDF" />
      </resource>
      <resource name="Source Code">
        <format path="http://cdn.cs75.net/2012/summer/lectures/1/src/" label="index" />
        <format path="http://cdn.cs75.net/2012/summer/lectures/1/src1.pdf" label="PDF" />
        <format path="http://cdn.cs75.net/2012/summer/lectures/1/src1.zip" label="ZIP" />
      </resource>
    </resources>
  </lecture>
  <lecture number="2">
    <title>PHP, Continued</title>
    <dates>Mon 7/2</dates>
    <resources>
      <resource name="Slides">
        <format path="http://cdn.cs75.net/2012/summer/lectures/2/lecture2.pdf" label="PDF" />
      </resource>
      <resource name="Source Code">
        <format path="http://cdn.cs75.net/2012/summer/lectures/2/src/" label="index" />
        <format path="http://cdn.cs75.net/2012/summer/lectures/2/src2.pdf" label="PDF" />
        <format path="http://cdn.cs75.net/2012/summer/lectures/2/src2.zip" label="ZIP" />
      </resource>
    </resources>
  </lecture>
  <lecture number="3">
    <title>XML</title>
    <dates>Mon 7/9</dates>
    <resources>
      <resource name="Slides">
        <format path="http://cdn.cs75.net/2012/summer/lectures/3/lecture3.pdf" label="PDF" />
      </resource>
    </resources>
  </lecture>
</lectures>
